{
    "root_group": {
        "path": "",
        "id": "d41d8cd98f00b204e9800998ecf8427e",
        "groups": {},
        "checks": {
                "login status 200": {
                    "fails": 0,
                    "name": "login status 200",
                    "path": "::login status 200",
                    "id": "a9f04e9f501317c68a9f824e04811bea",
                    "passes": 75
                },
                "login returns jwt": {
                    "name": "login returns jwt",
                    "path": "::login returns jwt",
                    "id": "ec78f4507d1cd72d271e2719277a590d",
                    "passes": 75,
                    "fails": 0
                },
                "ballot status 200": {
                    "passes": 75,
                    "fails": 0,
                    "name": "ballot status 200",
                    "path": "::ballot status 200",
                    "id": "f0ed3517ebaebcf097b5f47eea51a3c7"
                },
                "ballot returns resident": {
                    "name": "ballot returns resident",
                    "path": "::ballot returns resident",
                    "id": "87e9d0d5b6fa6910172e826fc5115541",
                    "passes": 75,
                    "fails": 0
                }
            },
        "name": ""
    },
    "metrics": {
        "http_req_tls_handshaking": {
            "avg": 50.38928466666667,
            "min": 0,
            "med": 40.38415,
            "max": 109.2329,
            "p(90)": 106.5699,
            "p(95)": 108.34364
        },
        "http_req_sending": {
            "p(90)": 0.06562999999999998,
            "p(95)": 0.50651,
            "avg": 0.046096666666666675,
            "min": 0,
            "med": 0,
            "max": 0.9973
        },
        "http_reqs": {
            "count": 150,
            "rate": 19.727888758696512
        },
        "http_req_failed": {
            "passes": 0,
            "fails": 150,
            "thresholds": {
                "rate<0.05": false
            },
            "value": 0
        },
        "http_req_duration{expected_response:true}": {
            "max": 7265.198,
            "p(90)": 6163.040849999999,
            "p(95)": 6796.113195,
            "avg": 2827.108021999998,
            "min": 132.621,
            "med": 2334.6604500000003
        },
        "data_received": {
            "count": 383679,
            "rate": 50461.17754031946
        },
        "iteration_duration": {
            "min": 1606.4074,
            "med": 6875.8014,
            "max": 7602.9406,
            "p(90)": 7578.347019999999,
            "p(95)": 7591.11567,
            "avg": 5845.862080000002
        },
        "checks": {
            "fails": 0,
            "passes": 300,
            "value": 1
        },
        "login_success_rate": {
            "passes": 75,
            "fails": 0,
            "thresholds": {
                "rate>0.95": false
            },
            "value": 1
        },
        "iterations": {
            "count": 75,
            "rate": 9.863944379348256
        },
        "readonly_flow_duration": {
            "avg": 5845.666666666667,
            "min": 1607,
            "med": 6875,
            "max": 7603,
            "p(90)": 7577.8,
            "p(95)": 7591.5,
            "thresholds": {
                "p(95)<5000": true
            }
        },
        "http_req_connecting": {
            "max": 1078.0743,
            "p(90)": 77.1832,
            "p(95)": 79.37336999999998,
            "avg": 44.900014666666664,
            "min": 0,
            "med": 35.93965
        },
        "http_req_receiving": {
            "avg": 0.07680866666666666,
            "min": 0,
            "med": 0,
            "max": 0.9971,
            "p(90)": 0.27718999999999966,
            "p(95)": 0.6353049999999986
        },
        "http_req_waiting": {
            "med": 2334.6334500000003,
            "max": 7265.198,
            "p(90)": 6162.143279999999,
            "p(95)": 6796.113195,
            "avg": 2826.985116666664,
            "min": 132.621
        },
        "vus": {
            "value": 36,
            "min": 36,
            "max": 75
        },
        "vus_max": {
            "value": 75,
            "min": 75,
            "max": 75
        },
        "data_sent": {
            "count": 155854,
            "rate": 20497.802497319244
        },
        "http_req_duration": {
            "p(90)": 6163.040849999999,
            "p(95)": 6796.113195,
            "avg": 2827.108021999998,
            "min": 132.621,
            "med": 2334.6604500000003,
            "max": 7265.198,
            "thresholds": {
                "p(95)<3000": true,
                "p(99)<6000": true
            }
        },
        "ballot_success_rate": {
            "fails": 0,
            "passes": 75,
            "thresholds": {
                "rate>0.95": false
            },
            "value": 1
        },
        "http_req_blocked": {
            "p(95)": 186.595485,
            "avg": 95.71114599999991,
            "min": 0,
            "med": 83.5529,
            "max": 1159.9103,
            "p(90)": 184.8208
        }
    }
}