{
    "root_group": {
        "name": "",
        "path": "",
        "id": "d41d8cd98f00b204e9800998ecf8427e",
        "groups": {},
        "checks": {
                "login status 200": {
                    "fails": 15,
                    "name": "login status 200",
                    "path": "::login status 200",
                    "id": "a9f04e9f501317c68a9f824e04811bea",
                    "passes": 10
                },
                "login returns jwt": {
                    "id": "ec78f4507d1cd72d271e2719277a590d",
                    "passes": 10,
                    "fails": 15,
                    "name": "login returns jwt",
                    "path": "::login returns jwt"
                },
                "ballot status 200": {
                    "name": "ballot status 200",
                    "path": "::ballot status 200",
                    "id": "f0ed3517ebaebcf097b5f47eea51a3c7",
                    "passes": 10,
                    "fails": 0
                },
                "ballot returns resident": {
                    "path": "::ballot returns resident",
                    "id": "87e9d0d5b6fa6910172e826fc5115541",
                    "passes": 10,
                    "fails": 0,
                    "name": "ballot returns resident"
                }
            }
    },
    "metrics": {
        "readonly_flow_duration": {
            "p(95)": 2048.4,
            "avg": 1904,
            "min": 1297,
            "med": 1972,
            "max": 2051,
            "p(90)": 2045.6,
            "thresholds": {
                "p(95)<5000": false
            }
        },
        "data_received": {
            "rate": 57365.70239376618,
            "count": 117731
        },
        "ballot_success_rate": {
            "passes": 10,
            "fails": 0,
            "thresholds": {
                "rate>0.95": false
            },
            "value": 1
        },
        "iterations": {
            "rate": 12.181520243981232,
            "count": 25
        },
        "http_reqs": {
            "count": 35,
            "rate": 17.054128341573726
        },
        "iteration_duration": {
            "p(95)": 2049.96766,
            "avg": 1905.6119960000003,
            "min": 1299.0348,
            "med": 1974.2863,
            "max": 2051.7816,
            "p(90)": 2047.8305
        },
        "http_req_duration{expected_response:true}": {
            "p(95)": 1467.952755,
            "avg": 873.8667249999999,
            "min": 295.5955,
            "med": 851.14445,
            "max": 1502.0702,
            "p(90)": 1465.1759200000001
        },
        "data_sent": {
            "count": 49371,
            "rate": 24056.553438623898
        },
        "http_req_tls_handshaking": {
            "max": 103.72,
            "p(90)": 102.9103,
            "p(95)": 103.34339,
            "avg": 71.80881428571429,
            "min": 0,
            "med": 99.737
        },
        "checks": {
            "passes": 40,
            "fails": 30,
            "value": 0.5714285714285714
        },
        "vus": {
            "value": 13,
            "min": 13,
            "max": 25
        },
        "http_req_receiving": {
            "p(90)": 0.7428000000000006,
            "p(95)": 0.99714,
            "avg": 0.13872571428571426,
            "min": 0,
            "med": 0,
            "max": 1.4526
        },
        "http_req_blocked": {
            "p(95)": 255.03368,
            "avg": 180.96692571428576,
            "min": 0,
            "med": 252.4205,
            "max": 255.8971,
            "p(90)": 254.84060000000002
        },
        "http_req_connecting": {
            "min": 0,
            "med": 73.2182,
            "max": 79.8456,
            "p(90)": 74.3759,
            "p(95)": 79.8456,
            "avg": 52.88508285714286
        },
        "http_req_waiting": {
            "avg": 1178.3986342857145,
            "min": 295.5955,
            "med": 1306.9784,
            "max": 1793.5143,
            "p(90)": 1743.80238,
            "p(95)": 1779.36921
        },
        "login_success_rate": {
            "fails": 15,
            "passes": 10,
            "thresholds": {
                "rate>0.95": true
            },
            "value": 0.4
        },
        "http_req_duration": {
            "avg": 1178.6610800000003,
            "min": 295.5955,
            "med": 1307.3007,
            "max": 1793.5143,
            "p(90)": 1744.1246800000001,
            "p(95)": 1779.36921,
            "thresholds": {
                "p(99)<6000": false,
                "p(95)<3000": false
            }
        },
        "http_req_sending": {
            "med": 0,
            "max": 0.8566,
            "p(90)": 0.4337800000000003,
            "p(95)": 0.5153099999999999,
            "avg": 0.12371999999999998,
            "min": 0
        },
        "vus_max": {
            "value": 25,
            "min": 25,
            "max": 25
        },
        "http_req_failed": {
            "passes": 15,
            "fails": 20,
            "thresholds": {
                "rate<0.05": true
            },
            "value": 0.42857142857142855
        }
    }
}