{
    "metrics": {
        "http_req_connecting": {
            "min": 0,
            "med": 35.99095,
            "max": 1081.9215,
            "p(90)": 73.0886,
            "p(95)": 76.54111499999999,
            "avg": 56.787526
        },
        "http_req_tls_handshaking": {
            "p(90)": 98.98870000000001,
            "p(95)": 99.5086,
            "avg": 48.225542,
            "min": 0,
            "med": 36.75775,
            "max": 100.0186
        },
        "http_req_duration{expected_response:true}": {
            "avg": 1209.8472439999998,
            "min": 106.4501,
            "med": 1282.5257,
            "max": 2536.39,
            "p(90)": 2173.60122,
            "p(95)": 2306.2180299999995
        },
        "http_req_waiting": {
            "min": 106.4501,
            "med": 1282.2719,
            "max": 2536.2315,
            "p(90)": 2173.59443,
            "p(95)": 2306.1381699999997,
            "avg": 1209.6941020000002
        },
        "http_req_receiving": {
            "min": 0,
            "med": 0,
            "max": 0.9971,
            "p(90)": 0.11900000000000005,
            "p(95)": 0.18495499999999987,
            "avg": 0.050796
        },
        "readonly_flow_duration": {
            "p(95)": 2812.4,
            "avg": 2630.32,
            "min": 1718,
            "med": 2751,
            "max": 2835,
            "p(90)": 2795.6,
            "thresholds": {
                "p(95)<5000": false
            }
        },
        "ballot_success_rate": {
            "passes": 25,
            "fails": 0,
            "thresholds": {
                "rate>0.95": false
            },
            "value": 1
        },
        "http_reqs": {
            "count": 50,
            "rate": 17.63258309513477
        },
        "http_req_sending": {
            "avg": 0.102346,
            "min": 0,
            "med": 0,
            "max": 0.9964,
            "p(90)": 0.5078600000000001,
            "p(95)": 0.7809399999999986
        },
        "vus_max": {
            "value": 25,
            "min": 25,
            "max": 25
        },
        "data_received": {
            "count": 127897,
            "rate": 45103.08960236903
        },
        "http_req_duration": {
            "med": 1282.5257,
            "max": 2536.39,
            "p(90)": 2173.60122,
            "p(95)": 2306.2180299999995,
            "avg": 1209.8472439999998,
            "min": 106.4501,
            "thresholds": {
                "p(95)<3000": false,
                "p(99)<6000": false
            }
        },
        "http_req_failed": {
            "passes": 0,
            "fails": 50,
            "thresholds": {
                "rate<0.05": false
            },
            "value": 0
        },
        "vus": {
            "value": 24,
            "min": 24,
            "max": 25
        },
        "checks": {
            "passes": 100,
            "fails": 0,
            "value": 1
        },
        "iteration_duration": {
            "max": 2835.6594,
            "p(90)": 2795.78574,
            "p(95)": 2812.87222,
            "avg": 2630.835504,
            "min": 1718.8033,
            "med": 2751.5438
        },
        "login_success_rate": {
            "passes": 25,
            "fails": 0,
            "thresholds": {
                "rate>0.95": false
            },
            "value": 1
        },
        "data_sent": {
            "count": 51954,
            "rate": 18321.664442492634
        },
        "iterations": {
            "count": 25,
            "rate": 8.816291547567385
        },
        "http_req_blocked": {
            "p(90)": 172.5048,
            "p(95)": 173.052145,
            "avg": 105.379666,
            "min": 0,
            "med": 84.5452,
            "max": 1156.4513
        }
    },
    "root_group": {
        "id": "d41d8cd98f00b204e9800998ecf8427e",
        "groups": {},
        "checks": {
                "login status 200": {
                    "id": "a9f04e9f501317c68a9f824e04811bea",
                    "passes": 25,
                    "fails": 0,
                    "name": "login status 200",
                    "path": "::login status 200"
                },
                "login returns jwt": {
                    "name": "login returns jwt",
                    "path": "::login returns jwt",
                    "id": "ec78f4507d1cd72d271e2719277a590d",
                    "passes": 25,
                    "fails": 0
                },
                "ballot status 200": {
                    "path": "::ballot status 200",
                    "id": "f0ed3517ebaebcf097b5f47eea51a3c7",
                    "passes": 25,
                    "fails": 0,
                    "name": "ballot status 200"
                },
                "ballot returns resident": {
                    "name": "ballot returns resident",
                    "path": "::ballot returns resident",
                    "id": "87e9d0d5b6fa6910172e826fc5115541",
                    "passes": 25,
                    "fails": 0
                }
            },
        "name": "",
        "path": ""
    }
}